{
  "mean": 4.4894,
  "std": 2.8594208574464863,
  "skew": 0.012034379298286537,
  "kurtosis": -1.209419446597481,
  "chi2": 9.318,
  "p_value": 0.408452888657686,
  "C_global": 0.4988222222222222,
  "F_global": 0.5011777777777777,
  "distribution": [
    0.0968,
    0.1026,
    0.1021,
    0.0974,
    0.1012,
    0.1046,
    0.1021,
    0.097,
    0.0948,
    0.1014
  ]
}